"","company","rank","revenues","profits","employees","sector","city","state","ceo_founder","ceo_woman","profitable","market_cap","website","ticker","assets"
"1","Walmart",1,"$648125MM","$15511MM",2100000,"Retailing","Bentonville","Arkansas","no","no","yes","$484852.8MM","https://www.stock.walmart.com","WMT","$252399MM"
"2","Amazon",2,"$574785MM","$30425MM",1525000,"Retailing","Seattle","Washington","no","no","yes","$1873675.8MM","https://www.amazon.com","AMZN","$527854MM"
"3","Apple",3,"$383285MM","$96995MM",161000,"Technology","Cupertino","California","no","no","yes","$2647973.8MM","https://www.apple.com","AAPL","$352583MM"
"4","UnitedHealth Group",4,"$371622MM","$22381MM",440000,"Health Care","Minnetonka","Minnesota","no","no","yes","$456080.8MM","https://www.unitedhealthgroup.com","UNH","$273720MM"
"5","Berkshire Hathaway",5,"$364482MM","$96223MM",396500,"Financials","Omaha","Nebraska","no","no","yes","$908919.7MM","https://www.berkshirehathaway.com","BRKA","$1069978MM"
"6","CVS Health",6,"$357776MM","$8344MM",259500,"Health Care","Woonsocket","Rhode Island","no","yes","yes","$100373.9MM","https://www.cvshealth.com","CVS","$249728MM"
"7","Exxon Mobil",7,"$344582MM","$36010MM",61500,"Energy","Spring","Texas","no","no","yes","$461222.2MM","https://www.exxonmobil.com","XOM","$376317MM"
"8","Alphabet",8,"$307394MM","$73795MM",182502,"Technology","Mountain View","California","no","no","yes","$1884633MM","https://www.abc.xyz","GOOGL","$402392MM"
"9","McKesson",9,"$276711MM","$3560MM",48000,"Health Care","Irving","Texas","no","no","yes","$70546.5MM","https://www.mckesson.com","MCK","$62320MM"
"10","Cencora",10,"$262173.4MM","$1745.3MM",44000,"Health Care","Conshohocken","Pennsylvania","no","no","yes","$48472.1MM","https://www.cencora.com","COR","$62558.7MM"
"11","Costco Wholesale",11,"$242290MM","$6292MM",316000,"Retailing","Issaquah","Washington","no","no","yes","$324924.4MM","https://www.costco.com","COST","$68994MM"
"12","JPMorgan Chase",12,"$239425MM","$49552MM",309926,"Financials","New York","New York","no","no","yes","$576938.4MM","https://www.jpmorganchase.com","JPM","$3875393MM"
"13","Microsoft",13,"$211915MM","$72361MM",221000,"Technology","Redmond","Washington","no","no","yes","$3126133.1MM","https://www.microsoft.com","MSFT","$411976MM"
"14","Cardinal Health",14,"$205012MM","$261MM",47520,"Health Care","Dublin","Ohio","no","no","yes","$27217.8MM","https://www.cardinalhealth.com","CAH","$43417MM"
"15","Chevron",15,"$200949MM","$21369MM",45600,"Energy","San Ramon","California","no","no","yes","$292965.6MM","https://www.chevron.com","CVX","$261632MM"
"16","Cigna",16,"$195265MM","$5164MM",71413,"Health Care","Bloomfield","Connecticut","no","no","yes","$103017.9MM","https://www.thecignagroup.com","CI","$152761MM"
"17","Ford Motor",17,"$176191MM","$4347MM",177000,"Motor Vehicles & Parts","Dearborn","Michigan","no","no","yes","$53017.8MM","https://www.ford.com","F","$273310MM"
"18","Bank of America",18,"$171912MM","$26515MM",212985,"Financials","Charlotte","North Carolina","no","no","yes","$299213MM","https://www.bankofamerica.com","BAC","$3180151MM"
"19","General Motors",19,"$171842MM","$10127MM",163000,"Motor Vehicles & Parts","Detroit","Michigan","no","yes","yes","$52353.5MM","https://www.gm.com","GM","$273064MM"
"20","Elevance Health",20,"$171340MM","$5987MM",104900,"Health Care","Indianapolis","Indiana","no","yes","yes","$120619.6MM","https://www.elevancehealth.com","ELV","$108928MM"
"21","Citigroup",21,"$156820MM","$9228MM",237925,"Financials","New York","New York","no","yes","yes","$121122.2MM","https://www.citigroup.com","C","$2411834MM"
"22","Centene",22,"$153999MM","$2702MM",67700,"Health Care","St. Louis","Missouri","no","yes","yes","$41979.4MM","https://www.centene.com","CNC","$84641MM"
"23","Home Depot",23,"$152669MM","$15143MM",463100,"Retailing","Atlanta","Georgia","no","no","yes","$380153.7MM","https://www.homedepot.com","HD","$76530MM"
"24","Marathon Petroleum",24,"$150307MM","$9681MM",18200,"Energy","Findlay","Ohio","no","no","yes","$72607.7MM","https://www.marathonpetroleum.com","MPC","$85987MM"
"25","Kroger",25,"$150039MM","$2164MM",414000,"Food & Drug Stores","Cincinnati","Ohio","no","no","yes","$41100.7MM","https://www.thekrogerco.com","KR","$50505MM"
"26","Phillips 66",26,"$149890MM","$7015MM",14000,"Energy","Houston","Texas","no","no","yes","$69880.8MM","https://www.phillips66.com","PSX","$75501MM"
"27","Fannie Mae",27,"$141240MM","$17408MM",8100,"Financials","Washington","District Of Columbia","no","yes","yes","$1818.2MM","https://www.fanniemae.com","FNMA","$4325437MM"
"28","Walgreens Boots Alliance",28,"$139081MM","$-3080MM",268500,"Food & Drug Stores","Deerfield","Illinois","no","no","no","$18712.3MM","https://www.walgreensbootsalliance.com","WBA","$96628MM"
"29","Valero Energy",29,"$139001MM","$8835MM",9897,"Energy","San Antonio","Texas","no","no","yes","$56234.5MM","https://www.valero.com","VLO","$63056MM"
"30","Meta Platforms",30,"$134902MM","$39098MM",67317,"Technology","Menlo Park","California","yes","no","yes","$1237940.1MM","https://investor.fb.com","META","$229623MM"
"31","Verizon Communications",31,"$133974MM","$11614MM",105400,"Telecommunications","New York","New York","no","no","yes","$176651.6MM","https://www.verizon.com","VZ","$380255MM"
"32","AT&T",32,"$122428MM","$14400MM",150470,"Telecommunications","Dallas","Texas","no","no","yes","$125889.1MM","https://www.att.com","T","$407060MM"
"33","Comcast",33,"$121572MM","$15388MM",186000,"Telecommunications","Philadelphia","Pennsylvania","no","no","yes","$172180MM","https://www.comcastcorporation.com","CMCSA","$264811MM"
"34","Wells Fargo",34,"$115340MM","$19142MM",226000,"Financials","San Francisco","California","no","no","yes","$205201.8MM","https://www.wellsfargo.com","WFC","$1932468MM"
"35","Goldman Sachs Group",35,"$108418MM","$8516MM",45300,"Financials","New York","New York","no","no","yes","$135551.7MM","https://www.goldmansachs.com","GS","$1641594MM"
"36","Freddie Mac",36,"$108050MM","$10538MM",8020,"Financials","McLean","Virginia","no","no","yes","$877.6MM","https://www.freddiemac.com","FMCC","$3280976MM"
"37","Target",37,"$107412MM","$4138MM",415000,"Retailing","Minneapolis","Minnesota","no","no","yes","$81816.1MM","https://www.target.com","TGT","$55356MM"
"38","Humana",38,"$106374MM","$2489MM",67600,"Health Care","Louisville","Kentucky","no","no","yes","$41796.7MM","https://www.humana.com","HUM","$47065MM"
"39","State Farm Insurance",39,"$104198.6MM","$-6272.3MM",65054,"Financials","Bloomington","Illinois","no","no","no","$NAMM","https://www.statefarm.com","","$339484.7MM"
"40","Tesla",40,"$96773MM","$14997MM",140473,"Motor Vehicles & Parts","Austin","Texas","yes","no","yes","$559854.3MM","https://www.tesla.com","TSLA","$106618MM"
"41","Morgan Stanley",41,"$96194MM","$9087MM",80006,"Financials","New York","New York","no","no","yes","$153976.9MM","https://www.morganstanley.com","MS","$1193693MM"
"42","Johnson & Johnson",42,"$95195MM","$35153MM",131900,"Health Care","New Brunswick","New Jersey","no","no","yes","$381203.6MM","https://www.jnj.com","JNJ","$167558MM"
"43","Archer Daniels Midland",43,"$93935MM","$3483MM",41008,"Food, Beverages & Tobacco","Chicago","Illinois","no","no","yes","$32023.6MM","https://www.adm.com","ADM","$54631MM"
"44","PepsiCo",44,"$91471MM","$9074MM",318000,"Food, Beverages & Tobacco","Purchase","New York","no","no","yes","$240552.8MM","https://www.pepsico.com","PEP","$100495MM"
"45","United Parcel Service",45,"$90958MM","$6708MM",382550,"Transportation","Atlanta","Georgia","no","yes","yes","$126828.9MM","https://www.ups.com","UPS","$70857MM"
"46","FedEx",46,"$90155MM","$3972MM",446400,"Transportation","Memphis","Tennessee","no","no","yes","$71299.4MM","https://www.fedex.com","FDX","$87143MM"
"47","Walt Disney",47,"$88898MM","$2354MM",199125,"Media","Burbank","California","no","no","yes","$224445.2MM","https://www.thewaltdisneycompany.com","DIS","$205579MM"
"48","Dell Technologies",48,"$88425MM","$3211MM",120000,"Technology","Round Rock","Texas","yes","no","yes","$81450.6MM","https://www.delltechnologies.com/","DELL","$82089MM"
"49","Lowe's",49,"$86377MM","$7726MM",226000,"Retailing","Mooresville","North Carolina","no","no","yes","$145752.5MM","https://www.lowes.com","LOW","$41795MM"
"50","Procter & Gamble",50,"$82006MM","$14653MM",107000,"Household Products","Cincinnati","Ohio","no","no","yes","$381777.7MM","https://www.pginvestor.com","PG","$120829MM"
"51","Energy Transfer",51,"$78586MM","$3935MM",13786,"Energy","Dallas","Texas","no","no","yes","$52974.8MM","https://www.energytransfer.com","ET","$113698MM"
"52","Boeing",52,"$77794MM","$-2222MM",171000,"Aerospace & Defense","Arlington","Virginia","no","no","no","$117750MM","https://www.boeing.com","BA","$137012MM"
"53","Albertsons",53,"$77649.7MM","$1513.5MM",198650,"Food & Drug Stores","Boise","Idaho","no","no","yes","$12350.3MM","https://www.albertsonscompanies.com","ACI","$26168.2MM"
"54","Sysco",54,"$76324.7MM","$1770.1MM",71750,"Wholesalers","Houston","Texas","no","no","yes","$40413.8MM","https://www.sysco.com","SYY","$22821.1MM"
"55","RTX",55,"$68920MM","$3195MM",185000,"Aerospace & Defense","Arlington","Virginia","no","no","yes","$129680.3MM","https://www.rtx.com","RTX","$161869MM"
"56","General Electric",56,"$67954MM","$9481MM",125000,"Industrials","Boston","Massachusetts","no","no","yes","$191901.2MM","https://www.ge.com","GE","$163045MM"
"57","Lockheed Martin",57,"$67571MM","$6920MM",122000,"Aerospace & Defense","Bethesda","Maryland","no","no","yes","$109394.2MM","https://www.lockheedmartin.com","LMT","$52456MM"
"58","American Express",58,"$67364MM","$8374MM",74600,"Financials","New York","New York","no","no","yes","$163945.6MM","https://www.americanexpress.com","AXP","$261108MM"
"59","Caterpillar",59,"$67060MM","$10335MM",113200,"Industrials","Irving","Texas","no","no","yes","$182986.8MM","https://www.caterpillar.com","CAT","$87476MM"
"60","MetLife",60,"$66905MM","$1578MM",45000,"Financials","New York","New York","no","no","yes","$53583MM","https://www.metlife.com","MET","$687584MM"
"61","HCA Healthcare",61,"$64968MM","$5242MM",265000,"Health Care","Nashville","Tennessee","no","no","yes","$88213.8MM","https://www.hcahealthcare.com","HCA","$56211MM"
"62","Progressive",62,"$62108.5MM","$3902.4MM",61432,"Financials","Mayfield Village","Ohio","no","yes","yes","$121134.1MM","https://www.progressive.com","PGR","$88690.8MM"
"63","IBM",63,"$61860MM","$7502MM",296600,"Technology","Armonk","New York","no","no","yes","$175061.6MM","https://www.ibm.com","IBM","$135241MM"
"64","Deere",64,"$61251MM","$10166MM",82956,"Industrials","Moline","Illinois","no","no","yes","$114332.9MM","https://www.deere.com","DE","$104087MM"
"65","Nvidia",65,"$60922MM","$29760MM",29600,"Technology","Santa Clara","California","yes","no","yes","$2258900MM","https://www.nvidia.com","NVDA","$65728MM"
"66","StoneX Group",66,"$60856.1MM","$238.5MM",4137,"Financials","New York","New York","no","no","yes","$2216.7MM","https://www.stonex.com","SNEX","$21938.7MM"
"67","Merck",67,"$60115MM","$365MM",71000,"Health Care","Rahway","New Jersey","no","no","yes","$334182.4MM","https://www.merck.com","MRK","$106675MM"
"68","ConocoPhillips",68,"$58574MM","$10957MM",9900,"Energy","Houston","Texas","no","no","yes","$149733.3MM","https://www.conocophillips.com","COP","$95924MM"
"69","Pfizer",69,"$58496MM","$2119MM",88000,"Health Care","New York","New York","no","no","yes","$157135.5MM","https://www.pfizer.com","PFE","$226501MM"
"70","Delta Air Lines",70,"$58048MM","$4609MM",103000,"Transportation","Atlanta","Georgia","no","no","yes","$30795.9MM","https://www.delta.com","DAL","$73644MM"
"71","TD Synnex",71,"$57555.4MM","$626.9MM",28000,"Wholesalers","Fremont","California","no","no","yes","$9856.6MM","https://www.tdsynnex.com","SNX","$29412.8MM"
"72","Publix Super Markets",72,"$57534MM","$4349MM",253000,"Food & Drug Stores","Lakeland","Florida","no","no","yes","$NAMM","https://www.publix.com","PFE","$34384MM"
"73","Allstate",73,"$57094MM","$-188MM",53200,"Financials","Northbrook","Illinois","no","no","no","$45513.3MM","https://www.allstate.com","ALL","$103362MM"
"74","Cisco Systems",74,"$56998MM","$12613MM",84900,"Technology","San Jose","California","no","no","yes","$202094.9MM","https://www.cisco.com","CSCO","$101852MM"
"75","Nationwide",75,"$54609.4MM","$-45.2MM",24118,"Financials","Columbus","Ohio","no","no","no","$NAMM","https://www.nationwide.com","","$290615MM"
"76","Charter Communications",76,"$54607MM","$4557MM",101100,"Telecommunications","Stamford","Connecticut","no","no","yes","$51316MM","https://www.charter.com","CHTR","$147193MM"
"77","AbbVie",77,"$54318MM","$4863MM",50000,"Health Care","North Chicago","Illinois","no","no","yes","$322434.8MM","https://www.abbvie.com","ABBV","$134711MM"
"78","New York Life Insurance",78,"$54317.2MM","$804.6MM",15384,"Financials","New York","New York","no","no","yes","$NAMM","https://www.newyorklife.com","","$408904.9MM"
"79","Intel",79,"$54228MM","$1689MM",124800,"Technology","Santa Clara","California","no","no","yes","$188026MM","https://www.intel.com","INTC","$191572MM"
"80","TJX",80,"$54217MM","$4474MM",349000,"Retailing","Framingham","Massachusetts","no","no","yes","$115586MM","https://www.tjx.com","TJX","$29747MM"
"81","Prudential Financial",81,"$53979MM","$2488MM",40366,"Financials","Newark","New Jersey","no","no","yes","$42191.2MM","https://www.prudential.com","PRU","$721123MM"
"82","HP",82,"$53718MM","$3263MM",58000,"Technology","Palo Alto","California","no","no","yes","$29569.7MM","https://www.hp.com","HPQ","$37004MM"
"83","United Airlines Holdings",83,"$53717MM","$2618MM",103300,"Transportation","Chicago","Illinois","no","no","yes","$15705.9MM","https://www.united.com","UAL","$71104MM"
"84","Performance Food Group",84,"$53354.7MM","$397.2MM",34825,"Wholesalers","Richmond","Virginia","no","no","yes","$11612.9MM","https://www.pfgc.com","PFGC","$12499MM"
"85","Tyson Foods",85,"$52881MM","$-648MM",139000,"Food, Beverages & Tobacco","Springdale","Arkansas","no","no","no","$20928.3MM","https://www.tysonfoods.com","TSN","$36251MM"
"86","American Airlines Group",86,"$52788MM","$822MM",132100,"Transportation","Fort Worth","Texas","no","no","yes","$10050.5MM","https://www.aa.com","AAL","$63058MM"
"87","Liberty Mutual Insurance Group",87,"$52612MM","$213MM",45000,"Financials","Boston","Massachusetts","no","no","yes","$NAMM","https://www.libertymutual.com","","$165208MM"
"88","Nike",88,"$51217MM","$5070MM",83700,"Apparel","Beaverton","Oregon","no","no","yes","$142391.2MM","https://investors.nike.com","NKE","$37531MM"
"89","Oracle",89,"$49954MM","$8503MM",164000,"Technology","Austin","Texas","no","yes","yes","$345240.8MM","https://www.oracle.com","ORCL","$134384MM"
"90","Enterprise Products Partners",90,"$49715MM","$5532MM",7500,"Energy","Houston","Texas","no","no","yes","$63269.4MM","https://www.enterpriseproducts.com","EPD","$70982MM"
"91","Capital One Financial",91,"$49484MM","$4887MM",51987,"Financials","McLean","Virginia","yes","no","yes","$56891.2MM","https://www.capitalone.com","COF","$478464MM"
"92","Plains GP Holdings",92,"$48712MM","$198MM",4200,"Energy","Houston","Texas","no","no","yes","$3597.5MM","https://www.plains.com","PAGP","$28597MM"
"93","World Kinect",93,"$47710.6MM","$52.9MM",5289,"Energy","Miami","Florida","no","no","yes","$1583MM","https://www.world-kinect.com","WKC","$7375.3MM"
"94","AIG",94,"$46802MM","$3643MM",25200,"Financials","New York","New York","no","no","yes","$53230.1MM","https://www.aig.com","AIG","$539306MM"
"95","Coca-Cola",95,"$45754MM","$10714MM",79100,"Food, Beverages & Tobacco","Atlanta","Georgia","no","no","yes","$263758.6MM","https://www.coca-colacompany.com","KO","$97703MM"
"96","TIAA",96,"$45734.8MM","$-1408.9MM",16023,"Financials","New York","New York","no","yes","no","$NAMM","https://www.tiaa.org","","$629369.9MM"
"97","CHS",97,"$45590MM","$1900.4MM",10609,"Food, Beverages & Tobacco","Inver Grove Heights","Minnesota","no","no","yes","$NAMM","https://www.chsinc.com","","$18957.4MM"
"98","Bristol-Myers Squibb",98,"$45006MM","$8025MM",34100,"Health Care","Princeton","New Jersey","no","no","yes","$109911.1MM","https://www.bms.com","BMY","$95159MM"
"99","Dow",99,"$44622MM","$589MM",35900,"Chemicals","Midland","Michigan","no","no","yes","$40740.3MM","https://www.dow.com","DOW","$57967MM"
"100","Best Buy",100,"$43452MM","$1241MM",85000,"Retailing","Richfield","Minnesota","no","yes","yes","$17667.7MM","https://www.investors.bestbuy.com","BBY","$14967MM"
"101","Thermo Fisher Scientific",101,"$42857MM","$5995MM",122000,"Technology","Waltham","Massachusetts","no","no","yes","$221622.5MM","https://www.thermofisher.com","TMO","$98726MM"
"102","Massachusetts Mutual Life Insurance",102,"$42641.4MM","$-771.6MM",11323,"Financials","Springfield","Massachusetts","no","no","no","$NAMM","https://www.massmutual.com","","$397895MM"
"103","USAA",103,"$42493.4MM","$1213.5MM",37376,"Financials","San Antonio","Texas","no","no","yes","$NAMM","https://www.usaa.com","","$211637.6MM"
"104","General Dynamics",104,"$42272MM","$3315MM",111600,"Aerospace & Defense","Reston","Virginia","no","yes","yes","$77506.3MM","https://www.gd.com","GD","$54810MM"
"105","Travelers",105,"$41364MM","$2991MM",33133,"Financials","New York","New York","no","no","yes","$52731MM","https://www.travelers.com","TRV","$125978MM"
"106","Warner Bros. Discovery",106,"$41321MM","$-3126MM",35300,"Media","New York","New York","no","no","no","$21298.5MM","https://wbd.com","WBD","$122757MM"
"107","U.S. Bancorp",107,"$40624MM","$5429MM",75465,"Financials","Minneapolis","Minnesota","no","no","yes","$69656.5MM","https://www.usbank.com","USB","$663491MM"
"108","Abbott Laboratories",108,"$40109MM","$5723MM",114000,"Health Care","Abbott Park","Illinois","no","no","yes","$197221MM","https://www.abbott.com","ABT","$73214MM"
"109","Northrop Grumman",109,"$39290MM","$2056MM",101000,"Aerospace & Defense","Falls Church","Virginia","no","yes","yes","$70908.8MM","https://www.northropgrumman.com","NOC","$46544MM"
"110","Northwestern Mutual",110,"$38788.1MM","$711.4MM",8239,"Financials","Milwaukee","Wisconsin","no","no","yes","$NAMM","https://www.northwesternmutual.com","","$358828.6MM"
"111","Dollar General",111,"$38691.6MM","$1661.3MM",185800,"Retailing","Goodlettsville","Tennessee","no","no","yes","$34281.9MM","https://www.dollargeneral.com","DG","$30795.6MM"
"112","PBF Energy",112,"$38324.8MM","$2140.5MM",3776,"Energy","Parsippany","New Jersey","no","no","yes","$6860.3MM","https://www.pbfenergy.com","PBF","$14387.8MM"
"113","Uber Technologies",113,"$37281MM","$1887MM",30400,"Technology","San Francisco","California","no","no","yes","$160258.1MM","https://www.uber.com","UBER","$38699MM"
"114","Honeywell International",114,"$36662MM","$5658MM",95000,"Industrials","Charlotte","North Carolina","no","no","yes","$133860.3MM","https://www.honeywell.com","HON","$61525MM"
"115","Mondelez International",115,"$36016MM","$4959MM",91000,"Food, Beverages & Tobacco","Chicago","Illinois","no","no","yes","$94253.4MM","https://www.mondelezinternational.com","MDLZ","$71391MM"
"116","Starbucks",116,"$35975.6MM","$4124.5MM",381000,"Hotels, Restaurants & Leisure","Seattle","Washington","no","no","yes","$103471.8MM","https://www.starbucks.com","SBUX","$29445.5MM"
"117","Qualcomm",117,"$35820MM","$7232MM",50000,"Technology","San Diego","California","no","no","yes","$188938.8MM","https://www.qualcomm.com","QCOM","$51040MM"
"118","Broadcom",118,"$35819MM","$14082MM",20000,"Technology","Palo Alto","California","no","no","yes","$614223.1MM","https://www.broadcom.com","AVGO","$72861MM"
"119","US Foods Holding",119,"$35597MM","$506MM",30000,"Wholesalers","Rosemont","Illinois","no","no","yes","$13217.4MM","https://www.usfoods.com","USFD","$13187MM"
"120","D.R. Horton",120,"$35460.4MM","$4745.7MM",13450,"Engineering & Construction","Arlington","Texas","no","no","yes","$54600.5MM","https://www.drhorton.com","DHI","$32582.4MM"
"121","Philip Morris International",121,"$35174MM","$7813MM",82700,"Food, Beverages & Tobacco","Stamford","Connecticut","no","no","yes","$142428MM","https://www.pmi.com","PM","$65304MM"
"122","Paccar",122,"$35127.4MM","$4600.8MM",32400,"Motor Vehicles & Parts","Bellevue","Washington","no","no","yes","$64919.7MM","https://www.paccar.com","PCAR","$40823.4MM"
"123","Salesforce",123,"$34857MM","$4136MM",72682,"Technology","San Francisco","California","yes","no","yes","$292144.6MM","https://www.salesforce.com","CRM","$99823MM"
"124","Nucor",124,"$34713.5MM","$4524.8MM",32000,"Materials","Charlotte","North Carolina","no","no","yes","$47492MM","https://www.nucor.com","NUE","$35340.5MM"
"125","Jabil",125,"$34702MM","$818MM",236000,"Technology","St. Petersburg","Florida","no","no","yes","$17084.7MM","https://www.jabil.com","JBL","$19424MM"
"126","Lennar",126,"$34233.4MM","$3938.5MM",12284,"Engineering & Construction","Miami","Florida","no","no","yes","$47374.8MM","https://www.lennar.com","LEN","$39234.3MM"
"127","Eli Lilly",127,"$34124.1MM","$5240.4MM",43000,"Health Care","Indianapolis","Indiana","no","no","yes","$739658MM","https://www.lilly.com","LLY","$64006.3MM"
"128","Molina Healthcare",128,"$34072MM","$1091MM",18000,"Health Care","Long Beach","California","no","no","yes","$24068MM","https://www.molinahealthcare.com","MOH","$14892MM"
"129","Cummins",129,"$34065MM","$735MM",75500,"Industrials","Columbus","Indiana","no","yes","yes","$41798.1MM","https://www.cummins.com","CMI","$32005MM"
"130","Bank of New York Mellon",130,"$33805MM","$3286MM",53400,"Financials","New York","New York","no","no","yes","$43380.4MM","https://www.bnymellon.com","BK","$409953MM"
"131","Netflix",131,"$33723.3MM","$5408MM",13000,"Media","Los Gatos","California","no","no","yes","$262827.9MM","https://www.netflix.com","NFLX","$48732MM"
"132","Truist Financial",132,"$33246MM","$-1091MM",49935,"Financials","Charlotte","North Carolina","no","no","no","$52022.4MM","https://www.truist.com","TFC","$535349MM"
"133","Arrow Electronics",133,"$33107.1MM","$903.5MM",22100,"Wholesalers","Centennial","Colorado","no","no","yes","$6988.1MM","https://www.arrow.com","ARW","$21726.2MM"
"134","3M",134,"$32681MM","$-6995MM",85000,"Chemicals","St. Paul","Minnesota","no","no","no","$58695MM","https://www.3m.com","MMM","$50580MM"
"135","Visa",135,"$32653MM","$17273MM",28800,"Business Services","San Francisco","California","no","no","yes","$560847.5MM","https://www.visa.com","V","$90499MM"
"136","Apollo Global Management",136,"$32644MM","$5047MM",6855,"Financials","New York","New York","yes","no","yes","$63889.7MM","https://www.apollo.com","APO","$313488MM"
"137","HF Sinclair",137,"$31964.4MM","$1589.7MM",5218,"Energy","Dallas","Texas","no","no","yes","$11987.6MM","https://www.hfsinclair.com","DINO","$17716.3MM"
"138","CBRE Group",138,"$31949MM","$986MM",130000,"Financials","Dallas","Texas","no","no","yes","$29725.9MM","https://www.cbre.com","CBRE","$22548MM"
"139","PNC Financial Services Group",139,"$31882MM","$5578MM",55612,"Financials","Pittsburgh","Pennsylvania","no","no","yes","$64291.8MM","https://www.pnc.com","PNC","$561580MM"
"140","Lithia Motors",140,"$31310.9MM","$1000.8MM",25051,"Retailing","Medford","Oregon","no","no","yes","$8283MM","https://investors.lithiadriveway.com","LAD","$19632.5MM"
"141","CarMax",141,"$31126.4MM","$484.8MM",30621,"Retailing","Richmond","Virginia","no","no","yes","$13756.5MM","https://www.carmax.com","KMX","$26182.7MM"
"142","Paramount Global",142,"$30610MM","$-608MM",24150,"Media","New York","New York","no","no","no","$8099MM","https://www.paramount.com","PARA","$53543MM"
"143","Dollar Tree",143,"$30603.8MM","$-998.4MM",138860,"Retailing","Chesapeake","Virginia","no","no","no","$29024.4MM","https://www.dollartree.com","DLTR","$22023.5MM"
"144","United Natural Foods",144,"$30272MM","$24MM",29455,"Wholesalers","Providence","Rhode Island","no","no","yes","$682.9MM","https://www.unfi.com","UNFI","$7394MM"
"145","PayPal Holdings",145,"$29771MM","$4246MM",27200,"Business Services","San Jose","California","no","no","yes","$71796MM","https://www.paypal.com","PYPL","$82166MM"
"146","Penske Automotive Group",146,"$29527.4MM","$1053.2MM",28000,"Retailing","Bloomfield Hills","Michigan","no","no","yes","$10861MM","https://www.penskeautomotive.com","PAG","$15671.5MM"
"147","Hewlett Packard Enterprise",147,"$29135MM","$2025MM",62000,"Technology","Spring","Texas","no","no","yes","$23049MM","https://www.hpe.com","HPE","$57153MM"
"148","Duke Energy",148,"$28932MM","$2841MM",27037,"Energy","Charlotte","North Carolina","no","yes","yes","$74607.9MM","https://www.duke-energy.com","DUK","$176893MM"
"149","Occidental Petroleum",149,"$28918MM","$4696MM",12570,"Energy","Houston","Texas","no","yes","yes","$57611.3MM","https://www.oxy.com","OXY","$74008MM"
"150","NRG Energy",150,"$28823MM","$-202MM",18131,"Energy","Houston","Texas","no","no","no","$14535.4MM","https://www.nrg.com","NRG","$26038MM"
"151","Amgen",151,"$28190MM","$6717MM",26700,"Health Care","Thousand Oaks","California","no","no","yes","$152372.5MM","https://www.amgen.com","AMGN","$97154MM"
"152","NextEra Energy",152,"$28114MM","$7310MM",16800,"Energy","Juno Beach","Florida","no","no","yes","$131170.7MM","https://www.nexteraenergy.com","NEE","$177489MM"
"153","Danaher",153,"$27602MM","$4764MM",62000,"Health Care","Washington","District Of Columbia","no","no","yes","$184928.7MM","https://www.danaher.com","DHR","$84488MM"
"154","Gilead Sciences",154,"$27116MM","$5665MM",18000,"Health Care","Foster City","California","no","no","yes","$91340.5MM","https://www.gilead.com","GILD","$62125MM"
"155","AutoNation",155,"$26948.9MM","$1021.1MM",25300,"Retailing","Fort Lauderdale","Florida","no","no","yes","$6902.1MM","https://www.autonation.com","AN","$11980MM"
"156","Kraft Heinz",156,"$26640MM","$2855MM",36000,"Food, Beverages & Tobacco","Chicago","Illinois","no","no","yes","$44857MM","https://www.kraftheinzcompany.com","KHC","$90339MM"
"157","Avnet",157,"$26536.9MM","$770.8MM",15800,"Wholesalers","Phoenix","Arizona","no","no","yes","$4480.2MM","https://www.avnet.com","AVT","$12477.2MM"
"158","Applied Materials",158,"$26517MM","$6856MM",34000,"Technology","Santa Clara","California","no","no","yes","$171356MM","https://www.appliedmaterials.com","AMAT","$30729MM"
"159","Southwest Airlines",159,"$26091MM","$465MM",74806,"Transportation","Dallas","Texas","no","no","yes","$17416.6MM","https://www.southwest.com","LUV","$36487MM"
"160","Charles Schwab",160,"$25521MM","$5067MM",33000,"Financials","Westlake","Texas","no","no","yes","$131974.9MM","https://www.aboutschwab.com","SCHW","$493178MM"
"161","Baker Hughes",161,"$25506MM","$1943MM",58000,"Energy","Houston","Texas","no","no","yes","$33529.5MM","https://www.bakerhughes.com","BKR","$36945MM"
"162","McDonald's",162,"$25493.7MM","$8468.8MM",150000,"Hotels, Restaurants & Leisure","Chicago","Illinois","no","no","yes","$203582.4MM","https://www.investor.mcdonalds.com","MCD","$56146.8MM"
"163","Southern Company",163,"$25253MM","$3976MM",27960,"Energy","Atlanta","Georgia","no","no","yes","$78269.4MM","https://www.southerncompany.com","SO","$139331MM"
"164","Mastercard",164,"$25098MM","$11195MM",33400,"Business Services","Purchase","New York","no","no","yes","$449252.6MM","https://www.mastercard.com","MA","$42448MM"
"165","Constellation Energy",165,"$24918MM","$1623MM",13842,"Energy","Baltimore","Maryland","no","no","yes","$58250.1MM","https://www.constellationenergy.com","CEG","$50758MM"
"166","Hartford Financial Services Group",166,"$24527MM","$2504MM",18700,"Financials","Hartford","Connecticut","no","no","yes","$30636.6MM","https://www.thehartford.com","HIG","$76780MM"
"167","PG&E",167,"$24428MM","$2242MM",28010,"Energy","Oakland","California","no","yes","yes","$35759.5MM","https://www.pgecorp.com","PCG","$125698MM"
"168","Coupang",168,"$24383MM","$1360MM",78000,"Retailing","Seattle","Washington","yes","no","yes","$31903.1MM","https://www.aboutcoupang.com","CPNG","$13346MM"
"169","EOG Resources",169,"$24186MM","$7594MM",3050,"Energy","Houston","Texas","no","no","yes","$73535.6MM","https://www.eogresources.com","EOG","$43857MM"
"170","Union Pacific",170,"$24119MM","$6379MM",32973,"Transportation","Omaha","Nebraska","no","no","yes","$150041MM","https://www.up.com","UNP","$67132MM"
"171","Rite Aid",171,"$24091.9MM","$-749.9MM",47000,"Food & Drug Stores","Philadelphia","Pennsylvania","no","no","no","$9MM","https://www.riteaid.com","RADCQ","$7527.4MM"
"172","Macy's",172,"$23866MM","$105MM",85581,"Retailing","New York","New York","no","no","yes","$5482.7MM","https://www.macysinc.com","M","$16246MM"
"173","Marriott International",173,"$23713MM","$3083MM",148000,"Hotels, Restaurants & Leisure","Bethesda","Maryland","no","no","yes","$72730.7MM","https://www.marriott.com","MAR","$25674MM"
"174","Lear",174,"$23466.9MM","$572.5MM",186600,"Motor Vehicles & Parts","Southfield","Michigan","no","no","yes","$8263.1MM","https://www.lear.com","LEA","$14695.5MM"
"175","Genuine Parts",175,"$23090.6MM","$1316.5MM",60000,"Wholesalers","Atlanta","Georgia","no","no","yes","$21600.9MM","https://www.genpt.com","GPC","$17968.5MM"
"176","Sherwin-Williams",176,"$23051.9MM","$2388.8MM",64088,"Chemicals","Cleveland","Ohio","no","yes","yes","$88255.4MM","https://www.sherwin.com","SHW","$22954.4MM"
"177","Halliburton",177,"$23018MM","$2638MM",48000,"Energy","Houston","Texas","no","no","yes","$35087.8MM","https://www.halliburton.com","HAL","$24683MM"
"178","Freeport-McMoRan",178,"$22855MM","$1848MM",27200,"Energy","Phoenix","Arizona","no","yes","yes","$67445.9MM","https://www.fcx.com","FCX","$52506MM"
"179","Live Nation Entertainment",179,"$22749.1MM","$563.3MM",23200,"Media","Beverly Hills","California","no","no","yes","$24411.5MM","https://www.livenationentertainment.com","LYV","$19074MM"
"180","Marsh & McLennan",180,"$22736MM","$3756MM",85000,"Financials","New York","New York","no","no","yes","$101657.8MM","https://www.marshmclennan.com","MMC","$48030MM"
"181","Advanced Micro Devices",181,"$22680MM","$854MM",26000,"Technology","Santa Clara","California","no","yes","yes","$291697.1MM","https://www.amd.com","AMD","$67885MM"
"182","First Citizens BancShares",182,"$22466MM","$11466MM",15868,"Financials","Raleigh","North Carolina","no","no","yes","$23620.4MM","https://www.firstcitizens.com","FCNCA","$213758MM"
"183","WESCO International",183,"$22385.2MM","$765.5MM",20000,"Wholesalers","Pittsburgh","Pennsylvania","no","no","yes","$8727.3MM","https://www.wesco.com","WCC","$15060.9MM"
"184","Carrier Global",184,"$22098MM","$1349MM",53000,"Industrials","Palm Beach Gardens","Florida","no","no","yes","$52323MM","https://www.corporate.carrier.com","CARR","$32822MM"
"185","Cleveland-Cliffs",185,"$21996MM","$399MM",28000,"Materials","Cleveland","Ohio","no","no","yes","$11331.1MM","https://www.clevelandcliffs.com","CLF","$17537MM"
"186","Block",186,"$21915.6MM","$9.8MM",12985,"Business Services","Oakland","California","yes","no","yes","$52075.3MM","https://www.block.xyz","SQ","$34069.9MM"
"187","Exelon",187,"$21727MM","$2328MM",19962,"Energy","Chicago","Illinois","no","no","yes","$37560MM","https://www.exeloncorp.com","EXC","$101546MM"
"188","KKR",188,"$21685.3MM","$3732.3MM",4490,"Financials","New York","New York","no","no","yes","$89013.9MM","https://www.kkr.com","KKR","$317294.2MM"
"189","CDW",189,"$21376MM","$1104.3MM",15100,"Technology","Vernon Hills","Illinois","no","yes","yes","$34329.5MM","https://www.cdw.com","CDW","$13284.6MM"
"190","Booking Holdings",190,"$21365MM","$4289MM",23482,"Technology","Norwalk","Connecticut","no","no","yes","$123968.4MM","https://www.bookingholdings.com","BKNG","$24342MM"
"191","Synchrony",191,"$20999MM","$2238MM",20000,"Financials","Stamford","Connecticut","no","no","yes","$17543.1MM","https://www.synchrony.com","SYF","$117479MM"
"192","Quanta Services",192,"$20882.2MM","$744.7MM",52500,"Engineering & Construction","Houston","Texas","no","no","yes","$37865.6MM","https://www.quantaservices.com","PWR","$16237.2MM"
"193","Jones Lang LaSalle",193,"$20760.8MM","$225.4MM",106100,"Financials","Chicago","Illinois","no","no","yes","$9255.6MM","https://www.jll.com","JLL","$16064.8MM"
"194","Discover Financial Services",194,"$20606MM","$2940MM",21100,"Financials","Riverwoods","Illinois","no","no","yes","$32846.5MM","https://www.discover.com","DFS","$151522MM"
"195","Tenet Healthcare",195,"$20548MM","$611MM",95905,"Health Care","Dallas","Texas","no","no","yes","$10510.5MM","https://www.tenethealth.com","THC","$28312MM"
"196","Altria Group",196,"$20502MM","$8130MM",6400,"Food, Beverages & Tobacco","Richmond","Virginia","no","no","yes","$76922.2MM","https://www.altria.com","MO","$38570MM"
"197","Stryker",197,"$20498MM","$3165MM",52000,"Health Care","Portage","Michigan","no","no","yes","$136158.7MM","https://www.stryker.com","SYK","$39912MM"
"198","Kimberly-Clark",198,"$20431MM","$1764MM",41000,"Household Products","Irving","Texas","no","no","yes","$43579.9MM","https://www.kimberly-clark.com","KMB","$17344MM"
"199","Waste Management",199,"$20426MM","$2304MM",48000,"Business Services","Houston","Texas","no","no","yes","$85600.6MM","https://www.wm.com","WM","$32823MM"
"200","Cheniere Energy",200,"$20394MM","$9881MM",1605,"Energy","Houston","Texas","no","no","yes","$37851.2MM","https://www.cheniere.com","LNG","$43076MM"
"201","Ross Stores",201,"$20376.9MM","$1874.5MM",108000,"Retailing","Dublin","California","no","yes","yes","$49409.1MM","https://www.rossstores.com","ROST","$14300.1MM"
"202","WestRock",202,"$20310MM","$-1649MM",56100,"Materials","Atlanta","Georgia","no","no","no","$12707MM","https://www.westrock.com","","$27443.7MM"
"203","General Mills",203,"$20094.2MM","$2593.9MM",34000,"Food, Beverages & Tobacco","Minneapolis","Minnesota","no","no","yes","$39501.5MM","https://www.generalmills.com","GIS","$31451.7MM"
"204","Goodyear Tire & Rubber",204,"$20066MM","$-689MM",71000,"Motor Vehicles & Parts","Akron","Ohio","no","no","no","$3901.3MM","https://www.goodyear.com","GT","$21582MM"
"205","BJ's Wholesale Club",205,"$19968.7MM","$523.7MM",34000,"Retailing","Marlborough","Massachusetts","no","no","yes","$10058.5MM","https://www.bjs.com","BJ","$6677.6MM"
"206","GE HealthCare Technologies",206,"$19552MM","$1568MM",51000,"Health Care","Chicago","Illinois","no","no","yes","$41396.5MM","https://www.gehealthcare.com","GEHC","$32454MM"
"207","Colgate-Palmolive",207,"$19457MM","$2300MM",34000,"Household Products","New York","New York","no","no","yes","$74019.9MM","https://www.colgatepalmolive.com","CL","$16393MM"
"208","Whirlpool",208,"$19455MM","$481MM",59000,"Industrials","Benton Harbor","Michigan","no","no","yes","$6515.3MM","https://www.whirlpoolcorp.com","WHR","$17312MM"
"209","L3Harris Technologies",209,"$19419MM","$1227MM",50000,"Aerospace & Defense","Melbourne","Florida","no","no","yes","$40508.1MM","https://www.l3harris.com","LHX","$41687MM"
"210","Adobe",210,"$19409MM","$5428MM",29945,"Technology","San Jose","California","no","no","yes","$226060.8MM","https://www.adobe.com","ADBE","$29779MM"
"211","Becton Dickinson",211,"$19372MM","$1484MM",73000,"Health Care","Franklin Lakes","New Jersey","no","no","yes","$71488.9MM","https://www.bd.com","BDX","$52780MM"
"212","Pioneer Natural Resources",212,"$19362MM","$4894MM",2213,"Energy","Irving","Texas","no","no","yes","$61326.1MM","https://www.pxd.com","PXD","$36613MM"
"213","Cognizant Technology Solutions",213,"$19353MM","$2126MM",347700,"Technology","Teaneck","New Jersey","no","no","yes","$36486.8MM","https://www.cognizant.com","CTSH","$18483MM"
"214","Murphy USA",214,"$19238.2MM","$556.8MM",10750,"Retailing","El Dorado","Arkansas","no","no","yes","$8726.5MM","https://www.murphyusa.com","MUSA","$4340.1MM"
"215","Fiserv",215,"$19093MM","$3068MM",42000,"Business Services","Milwaukee","Wisconsin","no","no","yes","$94358.1MM","https://www.fiserv.com","FI","$90890MM"
"216","Parker-Hannifin",216,"$19065.2MM","$2082.9MM",62730,"Industrials","Cleveland","Ohio","no","yes","yes","$71369.5MM","https://www.phstock.com","PH","$29964.5MM"
"217","American Electric Power",217,"$18982.3MM","$2208.1MM",17250,"Energy","Columbus","Ohio","no","no","yes","$45339.4MM","https://www.aep.com","AEP","$96684MM"
"218","International Paper",218,"$18916MM","$288MM",39000,"Materials","Memphis","Tennessee","no","no","yes","$13514.7MM","https://www.internationalpaper.com","IP","$23261MM"
"219","ManpowerGroup",219,"$18914.5MM","$88.8MM",27900,"Business Services","Milwaukee","Wisconsin","no","no","yes","$3756.3MM","https://www.manpowergroup.com","MAN","$8830.2MM"
"220","Aramark",220,"$18853.9MM","$674.1MM",262550,"Business Services","Philadelphia","Pennsylvania","no","no","yes","$8535MM","https://www.aramark.com","ARMK","$16871.2MM"
"221","Steel Dynamics",221,"$18795.3MM","$2450.9MM",12600,"Materials","Fort Wayne","Indiana","yes","no","yes","$23412.5MM","https://www.steeldynamics.com","STLD","$14908.4MM"
"222","Aflac",222,"$18701MM","$4659MM",12785,"Financials","Columbus","Georgia","no","no","yes","$49404.5MM","https://www.aflac.com","AFL","$126724MM"
"223","Reinsurance Group of America",223,"$18567MM","$902MM",3900,"Financials","Chesterfield","Missouri","no","no","yes","$12683.2MM","https://www.rgare.com","RGA","$97623MM"
"224","Emerson Electric",224,"$18370MM","$13219MM",67000,"Industrials","St. Louis","Missouri","no","no","yes","$64842.2MM","https://www.emerson.com","EMR","$42746MM"
"225","State Street",225,"$18366MM","$1944MM",46451,"Financials","Boston","Massachusetts","no","no","yes","$23346.3MM","https://www.statestreet.com","STT","$297258MM"
"226","PPG Industries",226,"$18246MM","$1270MM",53000,"Chemicals","Pittsburgh","Pennsylvania","no","no","yes","$34103.8MM","https://www.ppg.com","PPG","$21647MM"
"227","United States Steel",227,"$18053MM","$895MM",21803,"Materials","Pittsburgh","Pennsylvania","no","no","yes","$9168MM","https://www.ussteel.com","X","$20451MM"
"228","Automatic Data Processing",228,"$18012.2MM","$3412MM",63000,"Business Services","Roseland","New Jersey","no","yes","yes","$102590.8MM","https://www.adp.com","ADP","$50971MM"
"229","Group 1 Automotive",229,"$17873.7MM","$601.6MM",16011,"Retailing","Houston","Texas","no","no","yes","$3999.4MM","https://www.group1auto.com","GPI","$7774.1MM"
"230","Dominion Energy",230,"$17867MM","$1994MM",17700,"Energy","Richmond","Virginia","no","no","yes","$41201.2MM","https://www.dominionenergy.com","D","$109032MM"
"231","BlackRock",231,"$17859MM","$5502MM",19800,"Financials","New York","New York","yes","no","yes","$124173.4MM","https://www.blackrock.com","BLK","$123211MM"
"232","Oneok",232,"$17677MM","$2659MM",4775,"Energy","Tulsa","Oklahoma","no","no","yes","$46751.9MM","https://www.oneok.com","OKE","$44266MM"
"233","C.H. Robinson Worldwide",233,"$17596.4MM","$325.1MM",15246,"Transportation","Eden Prairie","Minnesota","no","no","yes","$8907.9MM","https://www.chrobinson.com","CHRW","$5225.3MM"
"234","Texas Instruments",234,"$17519MM","$6510MM",34000,"Technology","Dallas","Texas","no","no","yes","$158540.8MM","https://www.ti.com","TXN","$32348MM"
"235","Kohl's",235,"$17476MM","$317MM",66000,"Retailing","Menomonee Falls","Wisconsin","no","no","yes","$3232.9MM","https://www.kohls.com","KSS","$14009MM"
"236","AutoZone",236,"$17457.2MM","$2528.4MM",95200,"Retailing","Memphis","Tennessee","no","no","yes","$54532.7MM","https://www.autozone.com","AZO","$15985.9MM"
"237","Lam Research",237,"$17428.5MM","$4510.9MM",17200,"Technology","Fremont","California","no","no","yes","$127375.7MM","https://www.lamresearch.com","LRCX","$18781.6MM"
"238","Corteva",238,"$17226MM","$735MM",22500,"Food, Beverages & Tobacco","Indianapolis","Indiana","no","no","yes","$40304.4MM","https://www.corteva.com","CTVA","$42996MM"
"239","Peter Kiewit Sons'",239,"$17118MM","$1176MM",31100,"Engineering & Construction","Omaha","Nebraska","no","no","yes","$NAMM","https://www.kiewit.com","","$9724MM"
"240","Builders FirstSource",240,"$17097.3MM","$1540.6MM",29000,"Materials","Irving","Texas","no","no","yes","$25430.6MM","https://www.bldr.com","BLDR","$10499.5MM"
"241","Kyndryl Holdings",241,"$17026MM","$-1374MM",90000,"Technology","New York","New York","no","no","no","$5007MM","https://www.kyndryl.com","KD","$11464MM"
"242","EchoStar",242,"$17015.6MM","$-1702.1MM",15300,"Telecommunications","Englewood","Colorado","no","no","no","$3869.1MM","https://www.echostar.com","SATS","$57108.9MM"
"243","American Family Insurance Group",243,"$16999.9MM","$-891MM",12417,"Financials","Madison","Wisconsin","no","no","no","$NAMM","https://www.amfam.com","","$38023.5MM"
"244","Delek US Holdings",244,"$16917.4MM","$19.8MM",3591,"Energy","Brentwood","Tennessee","no","no","yes","$1968MM","https://www.delekus.com","DK","$7171.8MM"
"245","Land O'Lakes",245,"$16794.9MM","$254.2MM",9000,"Food, Beverages & Tobacco","Arden Hills","Minnesota","no","yes","yes","$NAMM","https://www.landolakesinc.com","","$9464.3MM"
"246","Sempra",246,"$16720MM","$3074MM",16835,"Energy","San Diego","California","no","no","yes","$45438.8MM","https://www.sempra.com","SRE","$87181MM"
"247","Global Partners",247,"$16492.2MM","$152.5MM",4273,"Wholesalers","Waltham","Massachusetts","no","no","yes","$1508.7MM","https://www.globalp.com","GLP","$3446MM"
"248","Grainger",248,"$16478MM","$1829MM",24650,"Wholesalers","Lake Forest","Illinois","no","no","yes","$49983.2MM","https://www.grainger.com","GWW","$8147MM"
"249","Jacobs Solutions",249,"$16352.4MM","$665.8MM",58550,"Business Services","Dallas","Texas","no","no","yes","$19316.3MM","https://www.jacobs.com","J","$14617.1MM"
"250","Edison International",250,"$16338MM","$1197MM",14346,"Energy","Rosemead","California","no","no","yes","$27208.4MM","https://www.edisoninvestor.com","EIX","$81758MM"
"251","MGM Resorts International",251,"$16164.2MM","$1142.2MM",67000,"Hotels, Restaurants & Leisure","Las Vegas","Nevada","no","no","yes","$14966.3MM","https://www.mgmresorts.com","MGM","$42368.5MM"
"252","Guardian Life Ins. Co. of America",252,"$16137MM","$375MM",7561,"Financials","New York","New York","no","no","yes","$NAMM","https://www.guardianlife.com","","$96202MM"
"253","Illinois Tool Works",253,"$16107MM","$2957MM",45000,"Industrials","Glenview","Illinois","no","no","yes","$80162.3MM","https://www.itw.com","ITW","$15518MM"
"254","Ameriprise Financial",254,"$16096MM","$2556MM",13800,"Financials","Minneapolis","Minnesota","no","no","yes","$43927.7MM","https://www.ameriprise.com","AMP","$175191MM"
"255","PulteGroup",255,"$16061.6MM","$2602.4MM",6382,"Engineering & Construction","Atlanta","Georgia","no","no","yes","$25449.4MM","https://www.pultegroupinc.com","PHM","$16087.1MM"
"256","Targa Resources",256,"$16060.3MM","$1345.9MM",3182,"Energy","Houston","Texas","no","no","yes","$24921.7MM","https://www.targaresources.com","TRGP","$20671.8MM"
"257","Ally Financial",257,"$15971MM","$1020MM",11100,"Financials","Detroit","Michigan","no","no","yes","$12337.7MM","https://www.ally.com","ALLY","$196392MM"
"258","BorgWarner",258,"$15921MM","$625MM",39900,"Motor Vehicles & Parts","Auburn Hills","Michigan","no","no","yes","$8023.4MM","https://www.borgwarner.com","BWA","$14453MM"
"259","Est√©e Lauder",259,"$15910MM","$1006MM",53010,"Household Products","New York","New York","no","no","yes","$55258.7MM","https://www.elcompanies.com","EL","$23415MM"
"260","Loews",260,"$15901MM","$1434MM",12280,"Financials","New York","New York","no","no","yes","$17396.1MM","https://www.loews.com","L","$79197MM"
"261","O'Reilly Automotive",261,"$15812.3MM","$2346.6MM",82958,"Retailing","Springfield","Missouri","no","no","yes","$66634.4MM","https://www.oreillyauto.com","ORLY","$13873MM"
"262","Markel Group",262,"$15803.6MM","$1996.1MM",21600,"Financials","Glen Allen","Virginia","no","no","yes","$19946.7MM","https://www.mklgroup.com","MKL","$55045.7MM"
"263","Stanley Black & Decker",263,"$15781.1MM","$-310.5MM",50500,"Household Products","New Britain","Connecticut","no","no","no","$15062MM","https://www.stanleyblackanddecker.com","SWK","$23663.8MM"
"264","Micron Technology",264,"$15540MM","$-5833MM",43000,"Technology","Boise","Idaho","no","no","no","$130547.6MM","https://www.micron.com","MU","$64254MM"
"265","Fluor",265,"$15474MM","$139MM",30187,"Engineering & Construction","Irving","Texas","no","no","yes","$7192.3MM","https://www.fluor.com","FLR","$6973MM"
"266","Leidos Holdings",266,"$15438MM","$199MM",47000,"Technology","Reston","Virginia","no","no","yes","$17700.6MM","https://www.leidos.com","LDOS","$12695MM"
"267","Viatris",267,"$15426.9MM","$54.7MM",38000,"Health Care","Canonsburg","Pennsylvania","no","no","yes","$14179.6MM","https://www.viatris.com","VTRS","$47685.5MM"
"268","Kinder Morgan",268,"$15334MM","$2391MM",10891,"Energy","Houston","Texas","no","yes","yes","$40703.3MM","https://www.kindermorgan.com","KMI","$71020MM"
"269","Ecolab",269,"$15320.2MM","$1372.3MM",48000,"Chemicals","St. Paul","Minnesota","no","no","yes","$66017.1MM","https://www.ecolab.com","ECL","$21846.6MM"
"270","Baxter International",270,"$15282MM","$2656MM",60000,"Health Care","Deerfield","Illinois","no","no","yes","$21704.5MM","https://www.baxter.com","BAX","$28276MM"
"271","Devon Energy",271,"$15258MM","$3747MM",1900,"Energy","Oklahoma City","Oklahoma","no","no","yes","$31864.3MM","https://www.devonenergy.com","DVN","$24490MM"
"272","Kellanova",272,"$15207MM","$951MM",23000,"Food, Beverages & Tobacco","Chicago","Illinois","no","no","yes","$19579.4MM","https://www.kellanova.com","K","$15621MM"
"273","Farmers Insurance Exchange",273,"$15194.4MM","$-652.9MM",9685,"Financials","Woodland Hills","California","no","no","no","$NAMM","https://www.farmers.com","","$23677.7MM"
"274","Casey's General Stores",274,"$15094.5MM","$446.7MM",31637,"Retailing","Ankeny","Iowa","no","no","yes","$11788.1MM","https://www.caseys.com","CASY","$5943.3MM"
"275","IQVIA Holdings",275,"$14984MM","$1358MM",87000,"Health Care","Durham","North Carolina","no","no","yes","$46029.4MM","https://www.iqvia.com","IQV","$26681MM"
"276","Republic Services",276,"$14964.5MM","$1731MM",41000,"Business Services","Phoenix","Arizona","no","no","yes","$60229MM","https://www.republicservices.com","RSG","$31410.1MM"
"277","Fox",277,"$14913MM","$1239MM",10400,"Media","New York","New York","no","no","yes","$14225.1MM","https://www.foxcorporation.com","FOXA","$21866MM"
"278","Gap",278,"$14889MM","$502MM",85000,"Retailing","San Francisco","California","no","no","yes","$10290.3MM","https://www.gapinc.com","GPS","$11044MM"
"279","Keurig Dr Pepper",279,"$14814MM","$2181MM",28100,"Food, Beverages & Tobacco","Burlington","Massachusetts","no","no","yes","$42557.4MM","https://keurig.com","KDP","$52130MM"
"280","Reliance",280,"$14805.9MM","$1335.9MM",15250,"Materials","Scottsdale","Arizona","no","yes","yes","$19190.4MM","https://reliance.com","RS","$10480.3MM"
"281","Asbury Automotive Group",281,"$14802.7MM","$602.5MM",15000,"Retailing","Duluth","Georgia","no","no","yes","$4810.9MM","https://www.asburyauto.com","ABG","$10159.4MM"
"282","Pacific Life",282,"$14802MM","$875MM",4181,"Financials","Newport Beach","California","no","no","yes","$NAMM","https://www.pacificlife.com","","$217386MM"
"283","Vistra",283,"$14779MM","$1493MM",4870,"Energy","Irving","Texas","no","no","yes","$24230.2MM","https://www.vistracorp.com","VST","$32966MM"
"284","Western & Southern Financial Group",284,"$14775.1MM","$484.8MM",2669,"Financials","Cincinnati","Ohio","no","no","yes","$NAMM","https://www.westernsouthern.com","","$75968.9MM"
"285","Andersons",285,"$14750.1MM","$101.2MM",2297,"Food, Beverages & Tobacco","Maumee","Ohio","no","no","yes","$1953.4MM","https://www.andersonsinc.com","ANDE","$3855MM"
"286","Nordstrom",286,"$14693MM","$134MM",54000,"Retailing","Seattle","Washington","no","no","yes","$3309.2MM","https://www.nordstrom.com","JWN","$8444MM"
"287","Omnicom Group",287,"$14692.2MM","$1391.4MM",75900,"Business Services","New York","New York","no","no","yes","$19081.1MM","https://www.omnicomgroup.com","OMC","$28044.6MM"
"288","Fidelity National Information Services",288,"$14680MM","$-6654MM",60000,"Business Services","Jacksonville","Florida","no","yes","no","$42762.2MM","https://www.fisglobal.com","FIS","$55105MM"
"289","Consolidated Edison",289,"$14663MM","$2519MM",14592,"Energy","New York","New York","no","no","yes","$31375.8MM","https://www.conedison.com","ED","$66331MM"
"290","CSX",290,"$14657MM","$3715MM",23232,"Transportation","Jacksonville","Florida","no","no","yes","$72568MM","https://www.csx.com","CSX","$42408MM"
"291","AECOM",291,"$14591.3MM","$55.3MM",52000,"Engineering & Construction","Dallas","Texas","no","no","yes","$13341.2MM","https://www.aecom.com","ACM","$11233.4MM"
"292","Lumen Technologies",292,"$14557MM","$-10298MM",28000,"Telecommunications","Monroe","Louisiana","no","yes","no","$1585MM","https://www.lumen.com","LUMN","$34018MM"
"293","Tractor Supply",293,"$14555.7MM","$1107.2MM",37500,"Retailing","Brentwood","Tennessee","no","no","yes","$28248MM","https://www.tractorsupply.com","TSCO","$9188.2MM"
"294","DXC Technology",294,"$14430MM","$-568MM",130000,"Technology","Ashburn","Virginia","no","no","no","$3878.7MM","https://www.dxc.technology","DXC","$15845MM"
"295","AGCO",295,"$14412.4MM","$1171.4MM",27900,"Industrials","Duluth","Georgia","no","no","yes","$9179.5MM","https://www.agcocorp.com","AGCO","$11421.2MM"
"296","Sonic Automotive",296,"$14372.4MM","$178.2MM",10500,"Retailing","Charlotte","North Carolina","no","no","yes","$1941.7MM","https://www.sonicautomotive.com","SAH","$5364.6MM"
"297","Intuit",297,"$14368MM","$2384MM",22900,"Technology","Mountain View","California","no","no","yes","$181986.4MM","https://www.intuit.com","INTU","$27780MM"
"298","United Rentals",298,"$14332MM","$2424MM",26300,"Business Services","Stamford","Connecticut","no","no","yes","$48437.2MM","https://www.unitedrentals.com","URI","$25589MM"
"299","Universal Health Services",299,"$14282MM","$717.8MM",85025,"Health Care","King of Prussia","Pennsylvania","no","no","yes","$12265.2MM","https://www.uhs.com","UHS","$13967.6MM"
"300","Boston Scientific",300,"$14240MM","$1592MM",48000,"Health Care","Marlborough","Massachusetts","no","no","yes","$100673.1MM","https://www.bostonscientific.com","BSX","$35136MM"
"301","Otis Worldwide",301,"$14209MM","$1406MM",71000,"Industrials","Farmington","Connecticut","no","yes","yes","$40249.5MM","https://www.otis.com","OTIS","$10117MM"
"302","Xcel Energy",302,"$14206MM","$1771MM",11311,"Energy","Minneapolis","Minnesota","no","no","yes","$29839.6MM","https://www.xcelenergy.com","XEL","$64079MM"
"303","Edward Jones",303,"$14080MM","$1612MM",54000,"Financials","Des Peres","Missouri","no","yes","yes","$NAMM","https://www.edwardjones.com","","$28003MM"
"304","Ball",304,"$14029MM","$707MM",21000,"Materials","Westminster","Colorado","no","no","yes","$21206.3MM","https://www.ball.com","BALL","$19303MM"
"305","LKQ",305,"$13866MM","$936MM",49000,"Wholesalers","Chicago","Illinois","no","no","yes","$14248.5MM","https://www.lkqcorp.com","LKQ","$15079MM"
"306","Mutual of Omaha",306,"$13855.8MM","$47.7MM",6231,"Financials","Omaha","Nebraska","no","no","yes","$NAMM","https://www.mutualofomaha.com","","$51838.6MM"
"307","Mosaic",307,"$13696.1MM","$1164.9MM",14049,"Chemicals","Tampa","Florida","no","no","yes","$10442MM","https://www.mosaicco.com","MOS","$23032.8MM"
"308","Textron",308,"$13683MM","$921MM",35000,"Aerospace & Defense","Providence","Rhode Island","no","no","yes","$18500.5MM","https://www.textron.com","TXT","$16856MM"
"309","Labcorp Holdings",309,"$13668.2MM","$418MM",61975,"Health Care","Burlington","North Carolina","no","no","yes","$18372.5MM","https://www.labcorp.com","LH","$16725.1MM"
"310","Principal Financial",310,"$13665.8MM","$623.2MM",19800,"Financials","Des Moines","Iowa","no","no","yes","$20357.8MM","https://www.principal.com","PFG","$305046.7MM"
"311","Regeneron Pharmaceuticals",311,"$13117.2MM","$3953.6MM",13450,"Health Care","Tarrytown","New York","yes","no","yes","$105644.7MM","https://www.regeneron.com","REGN","$33080.2MM"
"312","Raymond James Financial",312,"$12992MM","$1739MM",18000,"Financials","St. Petersburg","Florida","no","no","yes","$26843.3MM","https://www.raymondjames.com","RJF","$78360MM"
"313","Dick's Sporting Goods",313,"$12984.4MM","$1046.5MM",37200,"Retailing","Coraopolis","Pennsylvania","no","yes","yes","$18539.3MM","https://www.dickssportinggoods.com","DKS","$9311.8MM"
"314","Auto-Owners Insurance",314,"$12937.7MM","$-912.4MM",6946,"Financials","Lansing","Michigan","no","no","no","$NAMM","https://www.auto-owners.com","","$36238.2MM"
"315","Expedia Group",315,"$12839MM","$797MM",17100,"Retailing","Seattle","Washington","no","yes","yes","$18773.7MM","https://www.expediagroup.com","EXPE","$21642MM"
"316","J.B. Hunt Transport Services",316,"$12829.7MM","$728.3MM",34718,"Transportation","Lowell","Arkansas","no","no","yes","$20582.2MM","https://www.jbhunt.com","JBHT","$8538.3MM"
"317","M&T Bank",317,"$12752MM","$2741MM",21980,"Financials","Buffalo","New York","no","no","yes","$24233.4MM","https://www.mtb.com","MTB","$208264MM"
"318","DTE Energy",318,"$12745MM","$1397MM",9950,"Energy","Detroit","Michigan","no","no","yes","$23204.6MM","https://www.dteenergy.com","DTE","$44755MM"
"319","AES",319,"$12668MM","$249MM",9600,"Energy","Arlington","Virginia","no","no","yes","$12744.8MM","https://www.aes.com","AES","$44799MM"
"320","Berry Global Group",320,"$12664MM","$609MM",44000,"Materials","Evansville","Indiana","no","no","yes","$7009.6MM","https://www.berryglobal.com","BERY","$16587MM"
"321","Fifth Third Bancorp",321,"$12641MM","$2349MM",18724,"Financials","Cincinnati","Ohio","no","no","yes","$25434.9MM","https://www.53.com","FITB","$214574MM"
"322","Air Products & Chemicals",322,"$12600MM","$2300.2MM",21850,"Chemicals","Allentown","Pennsylvania","no","no","yes","$53856.9MM","https://www.airproducts.com","APD","$32002.5MM"
"323","Corning",323,"$12588MM","$581MM",49800,"Industrials","Corning","New York","no","no","yes","$28192.4MM","https://www.corning.com","GLW","$28500MM"
"324","EMCOR Group",324,"$12582.9MM","$633MM",38300,"Engineering & Construction","Norwalk","Connecticut","no","no","yes","$16482.1MM","https://www.emcorgroup.com","EME","$6609.7MM"
"325","Amphenol",325,"$12554.7MM","$1928MM",95000,"Technology","Wallingford","Connecticut","no","no","yes","$69193.3MM","https://www.amphenol.com","APH","$16526.4MM"
"326","Westlake",326,"$12548MM","$479MM",15520,"Chemicals","Houston","Texas","no","no","yes","$19636.5MM","https://www.westlake.com","WLK","$21035MM"
"327","DuPont",327,"$12528MM","$423MM",24000,"Chemicals","Wilmington","Delaware","no","no","yes","$32016.1MM","https://www.dupont.com","DD","$38552MM"
"328","Liberty Media",328,"$12525MM","$761MM",6486,"Media","Englewood","Colorado","no","no","yes","$9699.7MM","https://www.libertymedia.com","LSXMA","$41168MM"
"329","S&P Global",329,"$12497MM","$2626MM",40450,"Business Services","New York","New York","no","no","yes","$136253.3MM","https://www.spglobal.com","SPGI","$60589MM"
"330","Community Health Systems",330,"$12490MM","$-133MM",54500,"Health Care","Franklin","Tennessee","no","no","no","$486.4MM","https://www.chs.net","CYH","$14455MM"
"331","FirstEnergy",331,"$12450MM","$1102MM",12042,"Energy","Akron","Ohio","no","no","yes","$22226.4MM","https://www.firstenergycorp.com","FE","$48767MM"
"332","Unum Group",332,"$12385.9MM","$1283.8MM",10683,"Financials","Chattanooga","Tennessee","no","no","yes","$10298.6MM","https://www.unum.com","UNM","$63255.2MM"
"333","Henry Schein",333,"$12339MM","$416MM",25000,"Health Care","Melville","New York","no","no","yes","$9704.8MM","https://www.henryschein.com","HSIC","$10573MM"
"334","Western Digital",334,"$12318MM","$-1706MM",53000,"Technology","San Jose","California","no","no","no","$22278.8MM","https://www.westerndigital.com","WDC","$24429MM"
"335","Analog Devices",335,"$12305.5MM","$3314.6MM",26000,"Technology","Wilmington","Massachusetts","no","no","yes","$98085.7MM","https://www.analog.com","ADI","$48794.5MM"
"336","Conagra Brands",336,"$12277MM","$683.6MM",18600,"Food, Beverages & Tobacco","Chicago","Illinois","no","no","yes","$14168.1MM","https://www.conagrabrands.com","CAG","$22052.6MM"
"337","Citizens Financial Group",337,"$12187MM","$1608MM",17570,"Financials","Providence","Rhode Island","no","no","yes","$16635.3MM","https://www.citizensbank.com","CFG","$221964MM"
"338","Norfolk Southern",338,"$12156MM","$1827MM",20700,"Transportation","Atlanta","Georgia","no","no","yes","$57570.4MM","https://www.norfolksouthern.com","NSC","$41652MM"
"339","Entergy",339,"$12147.4MM","$2356.5MM",12177,"Energy","New Orleans","Louisiana","no","no","yes","$22535.5MM","https://www.entergy.com","ETR","$59703.4MM"
"340","W.R. Berkley",340,"$12142.9MM","$1381.4MM",8329,"Financials","Greenwich","Connecticut","no","no","yes","$22689.2MM","https://www.berkley.com","WRB","$37202MM"
"341","DaVita",341,"$12140.1MM","$691.5MM",70000,"Health Care","Denver","Colorado","no","no","yes","$12107MM","https://www.davita.com","DVA","$16893.6MM"
"342","Northern Trust",342,"$12116.5MM","$1107.3MM",23100,"Financials","Chicago","Illinois","no","no","yes","$18141.4MM","https://www.northerntrust.com","NTRS","$150783.1MM"
"343","Hormel Foods",343,"$12110MM","$793.6MM",20000,"Food, Beverages & Tobacco","Austin","Minnesota","no","no","yes","$19108.8MM","https://www.hormelfoods.com","HRL","$13448.8MM"
"344","Crown Holdings",344,"$12010MM","$450MM",25000,"Materials","Tampa","Florida","no","no","yes","$9574.2MM","https://www.crowncork.com","CCK","$15034MM"
"345","Avis Budget Group",345,"$12008MM","$1632MM",21250,"Retailing","Parsippany","New Jersey","no","no","yes","$4344MM","https://www.avisbudgetgroup.com","CAR","$32569MM"
"346","Wayfair",346,"$12003MM","$-738MM",12800,"Retailing","Boston","Massachusetts","yes","no","no","$8174.7MM","https://www.wayfair.com","W","$3474MM"
"347","MasTec",347,"$11995.9MM","$-49.9MM",34000,"Engineering & Construction","Coral Gables","Florida","no","no","no","$7393MM","https://www.mastec.com","MTZ","$9373.5MM"
"348","Eversource Energy",348,"$11910.7MM","$-442.2MM",10171,"Energy","Springfield","Massachusetts","no","no","no","$20962.9MM","https://www.eversource.com","ES","$55612.2MM"
"349","Newmont",349,"$11812MM","$-2494MM",21700,"Energy","Denver","Colorado","no","no","no","$41315.9MM","https://www.newmont.com","NEM","$55506MM"
"350","Ryder System",350,"$11783MM","$406MM",47500,"Transportation","Coral Gables","Florida","no","no","yes","$5320.5MM","https://www.ryder.com","R","$15778MM"
"351","Fidelity National Financial",351,"$11752MM","$517MM",22293,"Financials","Jacksonville","Florida","no","no","yes","$14507.3MM","https://www.fnf.com","FNF","$80614MM"
"352","Molson Coors Beverage",352,"$11702.1MM","$948.9MM",16500,"Food, Beverages & Tobacco","Chicago","Illinois","no","no","yes","$14297.8MM","https://www.molsoncoors.com","TAP","$26375.1MM"
"353","Caesars Entertainment",353,"$11673MM","$786MM",51000,"Hotels, Restaurants & Leisure","Reno","Nevada","no","no","yes","$9461MM","https://www.caesars.com","CZR","$33366MM"
"354","Lincoln National",354,"$11645MM","$-752MM",11024,"Financials","Radnor","Pennsylvania","no","yes","no","$5417.5MM","https://lincolnfinancial.com/","LNC","$372413MM"
"355","VF",355,"$11612.5MM","$118.6MM",26400,"Apparel","Denver","Colorado","no","no","yes","$5964.4MM","https://www.vfc.com","VFC","$13990.5MM"
"356","International Flavors & Fragrances",356,"$11479MM","$-2567MM",21500,"Chemicals","New York","New York","no","no","no","$21954.9MM","https://www.iff.com","IFF","$30978MM"
"357","Huntington Ingalls Industries",357,"$11454MM","$681MM",44000,"Aerospace & Defense","Newport News","Virginia","no","no","yes","$11544.7MM","https://www.hii.com","HII","$11215MM"
"358","Advance Auto Parts",358,"$11287.6MM","$29.7MM",54500,"Retailing","Raleigh","North Carolina","no","no","yes","$5072.2MM","https://www.advanceautoparts.com","AAP","$12276.3MM"
"359","Public Service Enterprise Group",359,"$11237MM","$2563MM",12543,"Energy","Newark","New Jersey","no","no","yes","$33295.6MM","https://www.pseg.com","PEG","$50741MM"
"360","Ulta Beauty",360,"$11207.3MM","$1291MM",38000,"Retailing","Bolingbrook","Illinois","no","no","yes","$25238.8MM","https://www.ulta.com","ULTA","$5707MM"
"361","Hershey",361,"$11165MM","$1861.8MM",19578,"Food, Beverages & Tobacco","Hershey","Pennsylvania","no","yes","yes","$39719.1MM","https://www.thehersheycompany.com","HSY","$11902.9MM"
"362","Chewy",362,"$11147.7MM","$39.6MM",18100,"Retailing","Plantation","Florida","no","no","yes","$6919.5MM","https://www.chewy.com","CHWY","$3186.9MM"
"363","American Tower",363,"$11144.2MM","$1483.3MM",5643,"Financials","Boston","Massachusetts","no","no","yes","$92146.5MM","https://www.americantower.com","AMT","$66027.6MM"
"364","Mohawk Industries",364,"$11135.1MM","$-439.5MM",43300,"Household Products","Calhoun","Georgia","no","no","no","$8337.2MM","https://www.mohawkind.com","MHK","$13559.9MM"
"365","Assurant",365,"$11131.6MM","$642.5MM",13600,"Financials","Atlanta","Georgia","no","no","yes","$9784.3MM","https://www.assurant.com","AIZ","$33635.2MM"
"366","Thor Industries",366,"$11121.6MM","$374.3MM",24900,"Motor Vehicles & Parts","Elkhart","Indiana","no","no","yes","$6257.1MM","https://www.thorindustries.com","THO","$7260.8MM"
"367","Graybar Electric",367,"$11042.4MM","$463.4MM",9500,"Wholesalers","St. Louis","Missouri","no","yes","yes","$NAMM","https://www.graybar.com","","$4006.1MM"
"368","Yum China Holdings",368,"$10978MM","$827MM",293500,"Hotels, Restaurants & Leisure","Plano","Texas","no","yes","yes","$15598.8MM","https://ir.yumchina.com","YUMC","$12031MM"
"369","Celanese",369,"$10940MM","$1960MM",12410,"Chemicals","Irving","Texas","no","yes","yes","$19173.3MM","https://www.celanese.com","CE","$26597MM"
"370","Qurate Retail",370,"$10915MM","$-145MM",20386,"Retailing","Englewood","Colorado","no","no","no","$510.9MM","https://www.qurateretail.com","QRTEA","$11368MM"
"371","Williams",371,"$10907MM","$3179MM",5601,"Energy","Tulsa","Oklahoma","no","no","yes","$47482MM","https://www.williams.com","WMB","$52627MM"
"372","Interpublic Group",372,"$10889.3MM","$1098.4MM",57400,"Business Services","New York","New York","no","no","yes","$12357.8MM","https://www.interpublic.com","IPG","$19267.3MM"
"373","Ovintiv",373,"$10883MM","$2085MM",1743,"Energy","Denver","Colorado","no","no","yes","$13958.7MM","https://www.ovintiv.com","OVV","$19987MM"
"374","Icahn Enterprises",374,"$10847MM","$-684MM",15038,"Financials","Sunny Isles Beach","Florida","no","no","no","$7297.9MM","https://www.ielp.com","IEP","$20858MM"
"375","Huntington Bancshares",375,"$10837MM","$1951MM",19955,"Financials","Columbus","Ohio","no","no","yes","$20308.6MM","https://www.huntington.com","HBAN","$189368MM"
"376","Erie Insurance Group",376,"$10812.5MM","$-526.6MM",6510,"Financials","Erie","Pennsylvania","no","no","no","$NAMM","https://www.erieinsurance.com","","$27515.2MM"
"377","Carvana",377,"$10771MM","$450MM",13700,"Retailing","Tempe","Arizona","yes","no","yes","$16943.7MM","https://www.carvana.com","CVNA","$7071MM"
"378","Hess",378,"$10645MM","$1382MM",1756,"Energy","New York","New York","no","no","yes","$46883.7MM","https://www.hess.com","HES","$24007MM"
"379","Dana",379,"$10555MM","$38MM",41800,"Motor Vehicles & Parts","Maumee","Ohio","no","no","yes","$1840.9MM","https://www.dana.com","DAN","$7965MM"
"380","Alcoa",380,"$10551MM","$-651MM",13600,"Materials","Pittsburgh","Pennsylvania","no","no","no","$6067.3MM","https://www.alcoa.com","AA","$14155MM"
"381","Equitable Holdings",381,"$10528MM","$1302MM",10700,"Financials","New York","New York","no","no","yes","$12532.3MM","https://www.equitableholdings.com","EQH","$276814MM"
"382","KLA",382,"$10496.1MM","$3387.3MM",15105,"Technology","Milpitas","California","no","no","yes","$94470.2MM","https://www.kla.com","KLAC","$14072.4MM"
"383","Darden Restaurants",383,"$10487.8MM","$981.9MM",187384,"Hotels, Restaurants & Leisure","Orlando","Florida","no","no","yes","$19959.5MM","https://www.darden.com","DRI","$10241.5MM"
"384","Autoliv",384,"$10475MM","$488MM",66434,"Motor Vehicles & Parts","Auburn Hills","Michigan","no","no","yes","$9809.7MM","https://www.autoliv.com","ALV","$8332MM"
"385","Alaska Air Group",385,"$10426MM","$235MM",24610,"Transportation","Seattle","Washington","no","no","yes","$5408.1MM","https://www.alaskaair.com","ALK","$14613MM"
"386","KeyCorp",386,"$10397MM","$967MM",17692,"Financials","Cleveland","Ohio","no","no","yes","$14663.3MM","https://www.key.com","KEY","$188281MM"
"387","Las Vegas Sands",387,"$10372MM","$1221MM",38550,"Hotels, Restaurants & Leisure","Las Vegas","Nevada","no","no","yes","$38840.4MM","https://www.sands.com","LVS","$21778MM"
"388","Owens & Minor",388,"$10334MM","$-41.3MM",22200,"Health Care","Mechanicsville","Virginia","no","no","no","$2122.5MM","https://www.owens-minor.com","OMI","$5093.3MM"
"389","Hilton Worldwide Holdings",389,"$10235MM","$1141MM",178000,"Hotels, Restaurants & Leisure","McLean","Virginia","no","no","yes","$53788.4MM","https://www.hilton.com","HLT","$15401MM"
"390","Ebay",390,"$10112MM","$2767MM",12300,"Technology","San Jose","California","no","no","yes","$27340MM","https://www.ebay.com","EBAY","$21620MM"
"391","Arthur J. Gallagher",391,"$10071.9MM","$969.5MM",52118,"Financials","Rolling Meadows","Illinois","no","no","yes","$54584.4MM","https://www.ajg.com","AJG","$51615.8MM"
"392","LPL Financial Holdings",392,"$10052.8MM","$1066.3MM",7372,"Financials","San Diego","California","no","no","yes","$19735.9MM","https://www.lpl.com","LPLA","$10385.5MM"
"393","Cincinnati Financial",393,"$10013.4MM","$1843.3MM",5426,"Financials","Fairfield","Ohio","no","no","yes","$19456.1MM","https://www.cinfin.com","CINF","$32769.5MM"
"394","Toll Brothers",394,"$9994.9MM","$1372.1MM",4800,"Engineering & Construction","Fort Washington","Pennsylvania","no","no","yes","$13476.5MM","https://www.tollbrothers.com","TOL","$12527MM"
"395","Motorola Solutions",395,"$9978MM","$1709MM",21000,"Technology","Chicago","Illinois","no","no","yes","$59141.7MM","https://www.motorolasolutions.com","MSI","$13336MM"
"396","Airbnb",396,"$9917MM","$4792MM",6907,"Technology","San Francisco","California","yes","no","yes","$106739.8MM","https://www.airbnb.com","ABNB","$20645MM"
"397","Intercontinental Exchange",397,"$9903MM","$2368MM",13222,"Financials","Atlanta","Georgia","yes","no","yes","$78694.7MM","https://www.ice.com","ICE","$136084MM"
"398","News Corp.",398,"$9879MM","$149MM",25000,"Media","New York","New York","no","no","yes","$15120.1MM","https://www.newscorp.com","NWSA","$16921MM"
"399","Chipotle Mexican Grill",399,"$9871.6MM","$1228.7MM",116068,"Hotels, Restaurants & Leisure","Newport Beach","California","no","no","yes","$79707MM","https://www.chipotle.com","CMG","$8044.4MM"
"400","Vertex Pharmaceuticals",400,"$9869.2MM","$3619.6MM",5400,"Health Care","Boston","Massachusetts","no","yes","yes","$107975.3MM","https://www.vrtx.com","VRTX","$22730.2MM"
"401","Biogen",401,"$9835.6MM","$1161.1MM",7570,"Health Care","Cambridge","Massachusetts","no","no","yes","$31344.1MM","https://www.biogen.com","BIIB","$26844.8MM"
"402","GXO Logistics",402,"$9778MM","$229MM",109000,"Transportation","Greenwich","Connecticut","no","no","yes","$6411.5MM","https://www.gxo.com","GXO","$9507MM"
"403","SpartanNash",403,"$9729.2MM","$52.2MM",13500,"Wholesalers","Grand Rapids","Michigan","no","no","yes","$699.6MM","https://www.spartannash.com","SPTN","$2355.6MM"
"404","Burlington Stores",404,"$9727.5MM","$339.6MM",44050,"Retailing","Burlington","New Jersey","no","no","yes","$14841.4MM","https://www.burlingtoninvestors.com","BURL","$7706.8MM"
"405","Thrivent Financial for Lutherans",405,"$9720.3MM","$347.2MM",3810,"Financials","Minneapolis","Minnesota","no","yes","yes","$NAMM","https://www.thrivent.com","","$115628.7MM"
"406","NVR",406,"$9687.3MM","$1591.6MM",6300,"Engineering & Construction","Reston","Virginia","no","no","yes","$25904.2MM","https://www.nvrinc.com","NVR","$6601.8MM"
"407","Owens Corning",407,"$9677MM","$1196MM",18000,"Materials","Toledo","Ohio","no","no","yes","$14510.2MM","https://www.owenscorning.com","OC","$11237MM"
"408","Westinghouse Air Brake Technologies",407,"$9677MM","$815MM",29000,"Industrials","Pittsburgh","Pennsylvania","no","no","yes","$25789.6MM","https://www.wabteccorp.com","WAB","$18988MM"
"409","Oshkosh",409,"$9657.9MM","$598MM",17300,"Industrials","Oshkosh","Wisconsin","no","no","yes","$8178.1MM","https://www.oshkoshcorp.com","OSK","$9129.2MM"
"410","Global Payments",410,"$9654.4MM","$986.2MM",27000,"Business Services","Atlanta","Georgia","no","no","yes","$34094.6MM","https://www.globalpaymentsinc.com","GPN","$50570.2MM"
"411","Lululemon athletica",411,"$9619.3MM","$1550.2MM",38000,"Retailing","Sumner","Washington","no","no","yes","$49225.1MM","https://www.lululemon.com","LULU","$7091.9MM"
"412","Albemarle",412,"$9617.2MM","$1573.5MM",9000,"Chemicals","Charlotte","North Carolina","no","no","yes","$15482.7MM","https://www.albemarle.com","ALB","$18270.7MM"
"413","JetBlue Airways",413,"$9615MM","$-310MM",21310,"Transportation","Long Island City","New York","no","yes","no","$2523.8MM","https://www.jetblue.com","JBLU","$13853MM"
"414","Seaboard",414,"$9562MM","$226MM",12847,"Food, Beverages & Tobacco","Merriam","Kansas","no","no","yes","$3130.6MM","https://www.seaboardcorp.com","SEB","$7566MM"
"415","Constellation Brands",415,"$9452.6MM","$-71MM",9400,"Food, Beverages & Tobacco","Victor","New York","no","no","no","$49683.2MM","https://www.cbrands.com","STZ","$24662.3MM"
"416","Graphic Packaging Holding",416,"$9428MM","$723MM",23500,"Materials","Atlanta","Georgia","no","no","yes","$8930.6MM","https://www.graphicpkg.com","GPK","$11175MM"
"417","Hertz Global Holdings",417,"$9371MM","$616MM",27000,"Retailing","Estero","Florida","no","no","yes","$2390.5MM","https://www.hertz.com","HTZ","$24605MM"
"418","FM Global",418,"$9359MM","$3748.5MM",5667,"Financials","Johnston","Rhode Island","no","no","yes","$NAMM","https://www.fmglobal.com","","$34479MM"
"419","Campbell Soup",419,"$9357MM","$858MM",14500,"Food, Beverages & Tobacco","Camden","New Jersey","no","no","yes","$13250.7MM","https://www.campbellsoupcompany.com","CPB","$12058MM"
"420","Expeditors Intl. of Washington",420,"$9300.1MM","$752.9MM",18452,"Transportation","Seattle","Washington","no","no","yes","$17248.7MM","https://www.expeditors.com","EXPD","$4523.8MM"
"421","A-Mark Precious Metals",421,"$9286.6MM","$156.4MM",421,"Wholesalers","El Segundo","California","no","no","yes","$701.4MM","https://www.amark.com","AMRK","$1545.6MM"
"422","Booz Allen Hamilton Holding",422,"$9258.9MM","$271.8MM",31900,"Technology","McLean","Virginia","no","no","yes","$19259.5MM","https://www.boozallen.com","BAH","$6550.7MM"
"423","Quest Diagnostics",423,"$9252MM","$854MM",44000,"Health Care","Secaucus","New Jersey","no","no","yes","$14782.7MM","https://www.questdiagnostics.com","DGX","$14022MM"
"424","Altice USA",424,"$9237.1MM","$53.2MM",10600,"Telecommunications","Long Island City","New York","no","no","yes","$1190.5MM","https://www.alticeusa.com","ATUS","$31923.6MM"
"425","PVH",425,"$9217.7MM","$663.6MM",23000,"Apparel","New York","New York","no","no","yes","$8385.6MM","https://www.pvh.com","PVH","$11172.9MM"
"426","Eastman Chemical",426,"$9210MM","$894MM",14000,"Chemicals","Kingsport","Tennessee","no","no","yes","$11786.2MM","https://www.eastman.com","EMN","$14633MM"
"427","Insight Enterprises",427,"$9175.8MM","$281.3MM",14437,"Technology","Chandler","Arizona","no","yes","yes","$6046.1MM","https://www.insight.com","NSIT","$6286.4MM"
"428","Regions Financial",428,"$9153MM","$2074MM",20101,"Financials","Birmingham","Alabama","no","no","yes","$19332.9MM","https://www.regions.com","RF","$152194MM"
"429","Beacon Roofing Supply",429,"$9119.8MM","$435MM",8063,"Wholesalers","Herndon","Virginia","no","no","yes","$6217.6MM","https://www.becn.com","BECN","$6207.7MM"
"430","Rockwell Automation",430,"$9058MM","$1387.4MM",29000,"Industrials","Milwaukee","Wisconsin","no","no","yes","$33384.1MM","https://www.rockwellautomation.com","ROK","$11304MM"
"431","Polaris",431,"$9014.8MM","$502.8MM",18500,"Transportation","Medina","Minnesota","no","no","yes","$5654.8MM","https://www.polaris.com","PII","$5516.3MM"
"432","ServiceNow",432,"$8971MM","$1731MM",22668,"Technology","Santa Clara","California","no","no","yes","$156292MM","https://www.servicenow.com","NOW","$17387MM"
"433","Sanmina",433,"$8935MM","$310MM",36000,"Technology","San Jose","California","yes","no","yes","$3468.2MM","https://www.sanmina.com","SANM","$4874MM"
"434","UGI",434,"$8928MM","$-1502MM",10500,"Energy","King of Prussia","Pennsylvania","no","no","no","$5142.4MM","https://www.ugicorp.com","UGI","$15401MM"
"435","WEC Energy Group",435,"$8893MM","$1331.7MM",7000,"Energy","Milwaukee","Wisconsin","no","no","yes","$25935.2MM","https://www.wecenergygroup.com","WEC","$43939.7MM"
"436","BrightSpring Health Services",436,"$8826.2MM","$-154.6MM",35000,"Health Care","Louisville","Kentucky","no","no","no","$1860.8MM","https://www.brightspringhealth.com","BGST","$5532.7MM"
"437","Cintas",437,"$8815.8MM","$1348MM",44500,"Business Services","Cincinnati","Ohio","no","no","yes","$69695.1MM","https://www.cintas.com","CTAS","$8546.4MM"
"438","Commercial Metals",438,"$8799.5MM","$859.8MM",13022,"Materials","Irving","Texas","no","no","yes","$6800.2MM","https://www.cmc.com","CMC","$6639.1MM"
"439","Continental Resources",439,"$8731.7MM","$3095.8MM",1457,"Energy","Oklahoma City","Oklahoma","no","no","yes","$NAMM","https://www.clr.com","CLR","$22387.4MM"
"440","Chesapeake Energy",440,"$8721MM","$2419MM",1000,"Energy","Oklahoma City","Oklahoma","no","no","yes","$11618.5MM","https://www.chk.com","CHK","$14376MM"
"441","CenterPoint Energy",441,"$8696MM","$917MM",8827,"Energy","Houston","Texas","no","no","yes","$18035.1MM","https://www.centerpointenergy.com","CNP","$39715MM"
"442","NGL Energy Partners",442,"$8694.9MM","$51.4MM",638,"Energy","Tulsa","Oklahoma","no","no","yes","$763.3MM","https://www.nglenergypartners.com","NGL","$5456.1MM"
"443","DoorDash",443,"$8635MM","$-558MM",19300,"Technology","San Francisco","California","yes","no","no","$55639.5MM","https://ir.doordash.com","DASH","$10839MM"
"444","NOV",444,"$8583MM","$993MM",33676,"Energy","Houston","Texas","no","no","yes","$7690.9MM","https://www.nov.com","NOV","$11294MM"
"445","Zoetis",445,"$8544MM","$2344MM",14100,"Health Care","Parsippany","New Jersey","no","yes","yes","$77475.7MM","https://www.zoetis.com","ZTS","$14286MM"
"446","J.M. Smucker",446,"$8529.2MM","$-91.3MM",5800,"Food, Beverages & Tobacco","Orrville","Ohio","no","no","no","$13364.3MM","https://www.jmsmucker.com","SJM","$14991.4MM"
"447","Microchip Technology",447,"$8438.7MM","$2237.7MM",22600,"Technology","Chandler","Arizona","no","no","yes","$48478.2MM","https://www.microchip.com","MCHP","$16370.3MM"
"448","Dover",448,"$8438.1MM","$1056.8MM",25000,"Industrials","Downers Grove","Illinois","no","no","yes","$24341.7MM","https://www.dovercorporation.com","DOV","$11348.5MM"
"449","Diamondback Energy",449,"$8412MM","$3143MM",1023,"Energy","Midland","Texas","no","no","yes","$35362.8MM","https://www.diamondbackenergy.com","FANG","$29001MM"
"450","Avery Dennison",450,"$8364.3MM","$503MM",35000,"Materials","Mentor","Ohio","no","no","yes","$17976.2MM","https://www.averydennison.com","AVY","$8209.8MM"
"451","PPL",451,"$8312MM","$740MM",6629,"Energy","Allentown","Pennsylvania","no","no","yes","$20306.2MM","https://www.pplweb.com","PPL","$39236MM"
"452","ON Semiconductor",452,"$8253MM","$2183.7MM",30050,"Technology","Scottsdale","Arizona","no","no","yes","$31430MM","https://www.onsemi.com","ON","$13215.2MM"
"453","ARKO",453,"$8238.8MM","$34.4MM",13481,"Retailing","Richmond","Virginia","no","no","yes","$662.2MM","https://www.arkocorp.com","ARKO","$3650.4MM"
"454","Par Pacific Holdings",454,"$8232MM","$728.6MM",1814,"Energy","Houston","Texas","no","no","yes","$2199.2MM","https://www.parpacific.com","PARR","$3864MM"
"455","APA",455,"$8192MM","$2855MM",2271,"Energy","Houston","Texas","no","no","yes","$10367.4MM","https://www.apacorp.com","APA","$15244MM"
"456","Equinix",456,"$8188.1MM","$969.2MM",13151,"Financials","Redwood City","California","no","no","yes","$78093.9MM","https://www.equinix.com","EQIX","$32650.7MM"
"457","New York Community Bancorp",457,"$8178MM","$-79MM",8766,"Financials","Hicksville","New York","no","no","no","$2569.3MM","https://www.mynycb.com","NYCB","$114057MM"
"458","Foot Locker",458,"$8168MM","$-330MM",30591,"Retailing","New York","New York","no","yes","no","$2693.1MM","https://www.footlocker.com/corp","FL","$6868MM"
"459","Ingredion",459,"$8160MM","$643MM",11600,"Food, Beverages & Tobacco","Westchester","Illinois","no","no","yes","$7665.9MM","https://www.ingredion.com","INGR","$7642MM"
"460","Newell Brands",460,"$8133MM","$-388MM",24600,"Household Products","Atlanta","Georgia","no","no","no","$3333.7MM","https://www.newellbrands.com","NWL","$12163MM"
"461","ABM Industries",461,"$8096.4MM","$251.3MM",123000,"Business Services","New York","New York","no","no","yes","$2824.1MM","https://www.abm.com","ABM","$4933.7MM"
"462","Securian Financial Group",462,"$8067MM","$226.6MM",5565,"Financials","St. Paul","Minnesota","no","no","yes","$NAMM","https://www.securian.com","","$73457.5MM"
"463","Prologis",463,"$8023.5MM","$3059.2MM",2574,"Financials","San Francisco","California","yes","no","yes","$120459.8MM","https://www.prologis.com","PLD","$93020.8MM"
"464","Blackstone",464,"$8022.8MM","$1390.9MM",4735,"Financials","New York","New York","yes","no","yes","$93882.8MM","https://www.blackstone.com","BX","$40287.5MM"
"465","Skechers U.S.A.",465,"$8000.3MM","$545.8MM",13550,"Apparel","Manhattan Beach","California","yes","no","yes","$9389.7MM","https://www.skechers.com","SKX","$7547.4MM"
"466","Masco",466,"$7967MM","$908MM",18000,"Household Products","Livonia","Michigan","no","no","yes","$17335.1MM","https://www.masco.com","MAS","$5363MM"
"467","Rush Enterprises",467,"$7925MM","$347.1MM",8449,"Retailing","New Braunfels","Texas","no","no","yes","$4164.4MM","https://www.rushenterprises.com","RUSHB","$4364.2MM"
"468","Franklin Resources",468,"$7849.4MM","$882.8MM",9200,"Financials","San Mateo","California","no","yes","yes","$14801.5MM","https://www.franklinresources.com","BEN","$30121.2MM"
"469","ODP",469,"$7831MM","$139MM",20000,"Retailing","Boca Raton","Florida","no","no","yes","$1942.6MM","https://www.theodpcorp.com","ODP","$3886MM"
"470","American Financial Group",470,"$7827MM","$852MM",8500,"Financials","Cincinnati","Ohio","no","no","yes","$11418.1MM","https://www.afginc.com","AFG","$29787MM"
"471","Packaging Corp. of America",471,"$7802.4MM","$765.2MM",14900,"Materials","Lake Forest","Illinois","no","no","yes","$17033.7MM","https://www.packagingcorp.com","PKG","$8681.1MM"
"472","Vulcan Materials",472,"$7781.9MM","$933.2MM",10961,"Materials","Birmingham","Alabama","no","no","yes","$36099.6MM","https://www.vulcanmaterials.com","VMC","$14545.7MM"
"473","Interactive Brokers Group",473,"$7776MM","$600MM",2932,"Financials","Greenwich","Connecticut","no","no","yes","$47328.3MM","https://www.interactivebrokers.com","IBKR","$128423MM"
"474","Williams-Sonoma",474,"$7750.7MM","$949.8MM",15000,"Retailing","San Francisco","California","no","yes","yes","$20357.6MM","https://www.williams-sonomainc.com","WSM","$5273.5MM"
"475","XPO",475,"$7744MM","$189MM",39450,"Transportation","Greenwich","Connecticut","no","no","yes","$14169.3MM","https://www.xpo.com","XPO","$7492MM"
"476","Weyerhaeuser",476,"$7674MM","$839MM",9318,"Materials","Seattle","Washington","no","no","yes","$26200.5MM","https://www.weyerhaeuser.com","WY","$16983MM"
"477","Genworth Financial",477,"$7488MM","$76MM",2700,"Financials","Richmond","Virginia","no","no","yes","$2825.7MM","https://www.genworth.com","GNW","$90817MM"
"478","CMS Energy",478,"$7462MM","$887MM",8356,"Energy","Jackson","Michigan","no","no","yes","$18018.6MM","https://www.cmsenergy.com","CMS","$33517MM"
"479","Science Applications International",479,"$7444MM","$477MM",24000,"Technology","Reston","Virginia","no","yes","yes","$6734.4MM","https://www.saic.com","SAIC","$5314MM"
"480","Jefferies Financial Group",480,"$7441.4MM","$277.7MM",7564,"Financials","New York","New York","no","no","yes","$9347.9MM","https://www.jefferies.com","JEF","$57905.2MM"
"481","Bath & Body Works",481,"$7429MM","$878MM",33069,"Retailing","Columbus","Ohio","no","yes","yes","$11249.3MM","https://www.bbwinc.com","BBWI","$5463MM"
"482","Electronic Arts",482,"$7426MM","$802MM",13400,"Media","Redwood City","California","no","no","yes","$35469.4MM","https://www.ea.com","EA","$13459MM"
"483","Taylor Morrison Home",483,"$7417.8MM","$768.9MM",2800,"Engineering & Construction","Scottsdale","Arizona","no","yes","yes","$6616.7MM","https://www.taylormorrison.com","TMHC","$8672.1MM"
"484","Zimmer Biomet Holdings",484,"$7394.2MM","$1024MM",18000,"Health Care","Warsaw","Indiana","no","no","yes","$27116.8MM","https://www.zimmerbiomet.com","ZBH","$21496.9MM"
"485","Clorox",485,"$7389MM","$149MM",8700,"Household Products","Oakland","California","no","yes","yes","$19001.9MM","https://www.thecloroxcompany.com","CLX","$5945MM"
"486","Xylem",486,"$7364MM","$609MM",23000,"Industrials","Washington","District Of Columbia","no","no","yes","$31246.4MM","https://www.xylem.com","XYL","$16112MM"
"487","Voya Financial",487,"$7348MM","$625MM",9000,"Financials","New York","New York","no","yes","yes","$7510.9MM","https://www.voya.com","VOYA","$157085MM"
"488","Fastenal",488,"$7346.7MM","$1155MM",20721,"Wholesalers","Winona","Minnesota","no","no","yes","$44157MM","https://www.fastenal.com","FAST","$4462.9MM"
"489","Watsco",489,"$7283.8MM","$536.3MM",7388,"Wholesalers","Miami","Florida","no","no","yes","$17061.3MM","https://www.watsco.com","WSO","$3729.2MM"
"490","Workday",490,"$7259MM","$1381MM",18800,"Technology","Pleasanton","California","no","no","yes","$72006MM","https://www.workday.com","WDAY","$16452MM"
"491","Old Republic International",491,"$7258.3MM","$598.6MM",9200,"Financials","Chicago","Illinois","no","no","yes","$8463.5MM","https://www.oldrepublic.com","ORI","$26501.4MM"
"492","RPM International",492,"$7256.4MM","$478.7MM",17274,"Chemicals","Medina","Ohio","no","no","yes","$15329.3MM","https://www.rpminc.com","RPM","$6782MM"
"493","UFP Industries",493,"$7218.4MM","$514.3MM",15800,"Materials","Grand Rapids","Michigan","no","no","yes","$7568.8MM","https://www.ufpi.com","UFPI","$4017.8MM"
"494","Ameren",494,"$7213MM","$1152MM",9372,"Energy","St. Louis","Missouri","no","no","yes","$19711.1MM","https://www.ameren.com","AEE","$40830MM"
"495","Knight-Swift Transportation Hldgs.",495,"$7141.8MM","$217.1MM",34550,"Transportation","Phoenix","Arizona","no","no","yes","$8885.4MM","https://investor.knight-swift.com","KNX","$12870.8MM"
"496","Monster Beverage",496,"$7140MM","$1631MM",5629,"Food, Beverages & Tobacco","Corona","California","no","no","yes","$61688.9MM","https://www.monsterbevcorp.com","MNST","$9686.5MM"
"497","Intuitive Surgical",497,"$7124.1MM","$1798MM",13676,"Health Care","Sunnyvale","California","no","no","yes","$141456.9MM","https://www.intuitive.com","ISRG","$15441.5MM"
"498","Super Micro Computer",498,"$7123.5MM","$640MM",5126,"Technology","San Jose","California","yes","no","yes","$59137.7MM","https://www.supermicro.com","SMCI","$3674.7MM"
"499","Concentrix",499,"$7114.7MM","$313.8MM",440000,"Technology","Newark","California","no","no","yes","$4342.2MM","https://www.concentrix.com","CNXC","$12491.8MM"
"500","O-I Glass",500,"$7105MM","$-103MM",23000,"Materials","Perrysburg","Ohio","no","no","no","$2549.4MM","https://www.o-i.com","OI","$9669MM"
